665cd3a5-2811-417f-a79b-a29b80c687eb|Miss Katelyn Conroy|conroy.miss.katelyn@example.org|3638 Kaleigh Forge|93726-7250|South Waltonmouth|Minnesota|Guinea-Bissau|-20.26590243205891|92.17140035270666
f8111b24-5f90-4423-9ab3-d4164d774369|The Hon. Cherly Flatley|hon_the_cherly_flatley@example.com|4726 Harber Course|71741-9701|Rochelstad|Arizona|Kazakhstan|67.64000728121968|-48.51695880383491
178d1685-3ce0-4ff4-ba73-8422ba5e9b0a|Taylor Dickinson|taylor_dickinson@example.org|9615 Beau Ramp|75641-3151|North Sherrilltown|Ohio|Russian Federation|-64.86271628220639|55.20524114715883
ccd7b7c0-4119-47c6-a827-ee869c60e7ba|Lavern Gerhold Jr.|gerhold_jr_lavern@example.org|9853 Elliot Avenue|00913-1252|Hettingershire|Illinois|Mali|-23.94902841320919|12.649673991681794
df54e045-4851-4e2c-967f-e9fa84c21c16|Margret Gerlach|margret.gerlach@example.com|379 Particia Union|85998|Walterfort|Louisiana|Liberia|-17.675607098081713|-35.03009609847288
"51c9461f-ff92-49cc-80a2-c2b215f88bc1|Albina Casper|casper_albina@example.org|38315 Baumbach Villages|69025-3655|Ritchietown|Hawaii|Virgin Islands, British|-17.176330670244056|107.56059959406764"
961859c8-9515-42f2-879a-aa287a8e4791|Julian Conroy III|conroy.iii.julian@example.com|6209 Gregorio Prairie|94662-3546|Lake Bernetta|Missouri|Pakistan|-12.753298375620602|8.395159538368688
ea27cfff-1a25-40c7-83a5-33d27a708b1f|Fr. Jewel Davis|davis.fr.jewel@example.com|863 Hartmann Stream|13556-0480|Corkeryburgh|Mississippi|Uzbekistan|14.705885741027117|-68.09813789853943
63e684e4-1361-41d4-b0c3-8ec564474db1|Maile Stehr|stehr.maile@example.net|60648 Eddy Islands|13960|Goldnerstad|Nebraska|Cuba|-85.22035027499835|9.744589980479105
51e2c4b8-6f9b-4243-ac4f-f098d5f0136f|Luis Fisher|fisher.luis@example.org|23483 Merilyn Squares|56794-4785|North Justinville|California|Senegal|18.95074518020195|-36.08306558540221
5ae56b3c-8745-4963-900b-06c865120cf8|Flo Hane|hane_flo@example.net|4314 Herzog Cliffs|20896-5569|Lake Wally|Michigan|Indonesia|-49.04066823854243|-138.48551769919237
06bbefbc-a509-45f2-94ab-1042a2c77c16|Kennith Frami|kennith.frami@example.org|671 An Avenue|83245-4950|East Brittaniberg|North Carolina|Saint Lucia|39.43847116204324|-98.90420944832753
a44cf82e-fd83-4f33-bb40-e97776c104a9|Deann Nicolas III|iii_nicolas_deann@example.net|57881 Angella Mountains|30114-1632|Shanahanchester|Texas|United Arab Emirates|-66.22779816646215|-142.38063405574485
767ff351-4f32-4968-9aae-5af8f6bc266c|Barry Kemmer|barry_kemmer@example.com|73856 Coy Terrace|78941|Lyndonfurt|Rhode Island|Rwanda|-19.139966848729486|-75.02827674645147
ea51bf0d-9200-4da8-8b2d-4bd3f00a4f14|Fidel Rosenbaum|fidel_rosenbaum@example.net|6435 Kassulke Passage|01665|South Tereseborough|Minnesota|Heard Island and McDonald Islands|-37.050002964921404|73.58256700011162
0d02b461-0c98-472f-9ed3-964f850151d8|Reggie Schinner|reggie.schinner@example.net|3427 Leffler Circles|96082-5330|Julianneview|Connecticut|Swaziland|-56.39322166613912|46.41344887548732
b4d82297-93b8-4416-8ffa-a806ae75d15f|Rev. Luke Mills|mills_luke_rev@example.com|511 Percy Harbor|58253|Watsicaview|Arkansas|Guam|6.628946785233168|-103.49762093009471
00bc91b2-c7e5-4e75-bbc9-9154a7ec2cd7|Miss Ginny Flatley|ginny_flatley_miss@example.org|206 Kenny Center|09051-6946|South Cornelius|Arkansas|Morocco|11.021785266162468|11.862571836556356
9c48ada3-d3ec-4955-b48d-47d6e8ac6048|Chuck Heidenreich Ret.|chuck.heidenreich.ret@example.com|26042 Rutherford Port|76765-5620|Port Solhaven|Tennessee|Faroe Islands|-34.975246914092786|65.02662695085277
0cdf760b-83d9-4c47-a54e-cd25b394aae7|Art Lowe Esq.|esq.art.lowe@example.org|960 Stiedemann Burg|08683|South Lovechester|Michigan|Botswana|-62.90706236124579|56.33805728880148
0b750de2-7f3c-4765-aa79-11bbdee03f29|Tatiana Nienow|nienow.tatiana@example.org|214 Heller Pass|21435-5235|Metzchester|New York|Costa Rica|-83.34501589082197|79.52168721586673
fed41e12-8b69-4ecd-82c1-6be362c0a942|Dominick Runte|runte_dominick@example.net|7825 Sherril Spurs|82914|Caryfurt|Pennsylvania|Iran|-19.49015769113366|-92.0174549741778
6cb2f3e1-7707-4e18-8059-5ce2f5bd5a50|Eduardo Mohr Ret.|eduardo_ret_mohr@example.org|914 Wilkinson Motorway|66723-3500|Augustaborough|Wisconsin|Egypt|2.905432648277724|148.82658207306332
51034dde-2f7c-4fbb-8a34-c7026bd83950|Quinn Farrell|farrell.quinn@example.org|92569 Fisher Place|44821|Lake Jc|South Dakota|American Samoa|36.05747124846617|69.10871267681154
fccc201c-c804-4538-adf9-5bde38d3c268|Msgr. Scottie Mertz|mertz.scottie.msgr@example.org|491 Jacqueline Square|05017-7389|Renayhaven|New Hampshire|Cook Islands|-53.639893445095964|-48.43585865481694
9de29ac9-72f2-4133-bfce-f56254abc3a3|Zachery Corkery|zachery.corkery@example.net|44367 Dooley Mountains|81764-1740|Kosston|Connecticut|Thailand|-73.39469511357683|-54.776276287927345
ab483c07-4f4d-4eb3-b94e-4d00ab7b3dbc|Cornell Bruen|cornell_bruen@example.org|41516 Denny Brooks|88474-7261|Shanteville|New Hampshire|Ukraine|-3.9347118408340975|136.8335659899099
2b12eb8e-788b-4208-816e-2296fb97bedb|Sen. Remedios Nader|sen_nader_remedios@example.net|7924 Oberbrunner Burgs|03987-4867|South Carita|Kentucky|United States Minor Outlying Islands|-15.017592004679798|-7.760118707387505
85142122-a20b-406c-bf01-c60471ea3456|Kathryn Littel II|kathryn_ii_littel@example.net|9470 Abernathy Bypass|96712|Lake Johnette|Alaska|Niue|47.70656161192201|-101.55606727316804
4364d9da-b8ac-4a78-ac39-b3aa0bc544e8|Rev. Shakira Kuvalis|kuvalis.rev.shakira@example.com|37815 Lance Loop|19999-0890|West Cory|Arizona|Burkina Faso|55.39292539699824|70.97183298831868
e83fa521-4a05-4429-b0c7-55b3a36dc478|Albertine Muller|albertine_muller@example.com|51499 Hackett Island|46969|Port Jeremy|Mississippi|Kiribati|86.21840191615956|-72.96775378325745
083ffbe0-6dd9-40c0-8ed3-35c8aca41b66|Pres. Gilda Fritsch|fritsch_pres_gilda@example.org|1615 Tonja Trail|04267|Ankundingberg|Kentucky|Croatia|-45.319665515704216|-151.2359491765157
38c76086-2b10-4f6c-bb67-9b3703fd91c8|Jerilyn Lowe|jerilyn.lowe@example.net|814 Nichole Station|80395|Steuberfurt|Oklahoma|Chad|85.46478665664455|-133.27145024142726
52ca1b8c-a2a1-4ab1-b785-1659da334b33|Leota Nienow|nienow.leota@example.net|129 Aubrey Rue|11791-4309|West Kerryberg|Maine|Tonga|33.842704172128705|-108.16743860090783
cb15d12a-4e29-4a63-998d-1ddadadc5bed|Earnest Rippin|rippin_earnest@example.net|2854 Cremin Underpass|01968-6358|North Cherrie|Texas|Cote d'Ivoire|46.42716142120645|-98.57258766798904
5e5c9e9d-fe40-42f8-b71a-cfd714ab5ffa|Douglas McClure|mcclure.douglas@example.org|60810 Rosenbaum Oval|87916|Ortizmouth|New Jersey|Libyan Arab Jamahiriya|25.901404152367533|164.99980233105833
b11bef9d-bbda-4566-8d79-1175e6ad1478|Terry Torphy|torphy_terry@example.org|841 Gleason Vista|65711-3771|South Samellahaven|Arizona|Iraq|-16.853389723208338|-68.20800868961626
55e3ecbe-97df-45bb-821c-4c89413bb470|Marietta Hodkiewicz|marietta.hodkiewicz@example.org|6945 Hand Pines|97377-6107|Roobville|Virginia|Guyana|-41.8945797316306|-2.346363810439044
9d31b7b4-a994-4bc9-a0f7-54bdd7e2c7e8|Bradford Pagac|bradford.pagac@example.net|76542 Rolfson Place|49954-9108|Cartwrightshire|Colorado|Belize|-77.7944384763783|-126.57584415982038
e4009bf6-6540-40dd-8a41-a701881835c1|Johnnie Lakin|lakin.johnnie@example.net|45129 Larson Tunnel|24063-7541|North Rafaelstad|North Carolina|Yemen|72.89206650435037|-76.6594082102068
35916daf-105f-4a39-a7ad-8677e8b50a32|Herb Gleason|gleason.herb@example.org|94315 Nenita Corners|48917-6180|South Meghannfurt|Washington|Zimbabwe|-40.772721961416366|118.84518186552276
70590660-2cd2-43c4-bebf-169cefd19c91|Rep. Lora Wunsch|rep_lora_wunsch@example.com|3776 Ezekiel Park|25676|Charityhaven|Vermont|Japan|10.144191465921708|-70.60278168460758
7568611f-63d9-4717-856f-fcc4a0493e83|Herbert Purdy|purdy_herbert@example.org|4011 Trang Causeway|99436-9305|Lake Willettamouth|Connecticut|Mozambique|-21.278941641502087|-60.60672768953867
6f341d7d-65a6-435b-b9ee-fb430719fab8|Tory Ondricka|ondricka.tory@example.com|5756 Feil Estates|62149-9213|Koelpinborough|Nebraska|Bahrain|73.86372399115348|-168.06429231259435
87ebb5f7-b33f-41b6-8fa2-a3749cd85f7a|Freddie Hammes|hammes_freddie@example.com|476 Margart Court|52380|North Cliffordfurt|California|Bangladesh|42.18551994772346|129.45667177246048
09971230-aca3-48c5-b0a6-1d24d7963eb2|Gov. Zola Abernathy|abernathy.zola.gov@example.com|95841 Hickle Pines|94477|West Gabrielland|Pennsylvania|Trinidad and Tobago|89.35198856834322|-162.28340585792446
1c39b560-cec6-43ac-b928-5c0457f9b192|Greg Reilly|greg_reilly@example.com|34194 Billye Ramp|60708|South Nia|South Carolina|Palau|-14.64148471377429|-153.24829782693243
4de49e71-be85-43de-9ca4-f506c9e17921|Karena Kunde DO|karena.do.kunde@example.org|4934 Antony Coves|25203-9832|North Brentonborough|Rhode Island|Zimbabwe|8.277839365842198|-142.6854738857332
2aee0f1f-24d9-4ad8-89cc-bca95a605815|Lemuel Ryan|ryan.lemuel@example.org|288 Hagenes Plain|13111-3577|Coleburgh|Colorado|Denmark|85.82694698604922|25.9359584039004
8634c3d4-bf36-49de-b490-8c602116382a|Scottie Hodkiewicz|scottie.hodkiewicz@example.com|50438 Junior Fields|34874-3085|Lake Soilaborough|Washington|Rwanda|-54.868971275379266|-117.61203771420179
